,Iteration,Fitness,FEvals,Time,State,use_fast_mimic,Population Size,Keep Percent,max_iters
0,0,26.0,10,0.0003223000094294548,"[0, 3, 1, 0, 2, 3, 2, 3, 0, 3, 2, 1, 3, 3, 1, 3, 3, 3, 2, 0, 0, 0, 1, 3, 3, 2, 0, 2, 3, 3, 3, 2, 2, 1, 2, 0, 3, 3, 1, 0, 0, 2, 2, 3, 3, 1, 3, 2, 0, 0]",True,10,0.05,1000
1,10,59.0,121,0.0822770000086166,"[1.0, 2.0, 3.0, 0.0, 1.0, 2.0, 1.0, 3.0, 1.0, 0.0, 0.0, 2.0, 0.0, 2.0, 2.0, 0.0, 1.0, 2.0, 3.0, 1.0, 1.0, 1.0, 1.0, 1.0, 0.0, 1.0, 3.0, 0.0, 3.0, 0.0, 2.0, 0.0, 2.0, 2.0, 0.0, 3.0, 3.0, 3.0, 3.0, 0.0, 3.0, 2.0, 1.0, 1.0, 3.0, 1.0, 0.0, 3.0, 0.0, 1.0]",True,10,0.05,1000
2,257,59.0,2838,2.005386599979829,"[1.0, 2.0, 3.0, 0.0, 1.0, 2.0, 1.0, 3.0, 1.0, 0.0, 0.0, 2.0, 0.0, 2.0, 2.0, 0.0, 1.0, 2.0, 3.0, 1.0, 1.0, 1.0, 1.0, 1.0, 0.0, 1.0, 3.0, 0.0, 3.0, 0.0, 2.0, 0.0, 2.0, 2.0, 0.0, 3.0, 3.0, 3.0, 3.0, 0.0, 3.0, 2.0, 1.0, 1.0, 3.0, 1.0, 0.0, 3.0, 0.0, 1.0]",True,10,0.05,1000
3,505,59.0,5522,3.9129384999978356,"[1.0, 2.0, 3.0, 0.0, 1.0, 2.0, 1.0, 3.0, 1.0, 0.0, 0.0, 2.0, 0.0, 2.0, 2.0, 0.0, 1.0, 2.0, 3.0, 1.0, 1.0, 1.0, 1.0, 1.0, 0.0, 1.0, 3.0, 0.0, 3.0, 0.0, 2.0, 0.0, 2.0, 2.0, 0.0, 3.0, 3.0, 3.0, 3.0, 0.0, 3.0, 2.0, 1.0, 1.0, 3.0, 1.0, 0.0, 3.0, 0.0, 1.0]",True,10,0.05,1000
4,752,59.0,5522,3.9129384999978356,"[1.0, 2.0, 3.0, 0.0, 1.0, 2.0, 1.0, 3.0, 1.0, 0.0, 0.0, 2.0, 0.0, 2.0, 2.0, 0.0, 1.0, 2.0, 3.0, 1.0, 1.0, 1.0, 1.0, 1.0, 0.0, 1.0, 3.0, 0.0, 3.0, 0.0, 2.0, 0.0, 2.0, 2.0, 0.0, 3.0, 3.0, 3.0, 3.0, 0.0, 3.0, 2.0, 1.0, 1.0, 3.0, 1.0, 0.0, 3.0, 0.0, 1.0]",True,10,0.05,1000
5,1000,59.0,5522,3.9129384999978356,"[1.0, 2.0, 3.0, 0.0, 1.0, 2.0, 1.0, 3.0, 1.0, 0.0, 0.0, 2.0, 0.0, 2.0, 2.0, 0.0, 1.0, 2.0, 3.0, 1.0, 1.0, 1.0, 1.0, 1.0, 0.0, 1.0, 3.0, 0.0, 3.0, 0.0, 2.0, 0.0, 2.0, 2.0, 0.0, 3.0, 3.0, 3.0, 3.0, 0.0, 3.0, 2.0, 1.0, 1.0, 3.0, 1.0, 0.0, 3.0, 0.0, 1.0]",True,10,0.05,1000
6,0,26.0,10,0.00030100002186372876,"[0, 3, 1, 0, 2, 3, 2, 3, 0, 3, 2, 1, 3, 3, 1, 3, 3, 3, 2, 0, 0, 0, 1, 3, 3, 2, 0, 2, 3, 3, 3, 2, 2, 1, 2, 0, 3, 3, 1, 0, 0, 2, 2, 3, 3, 1, 3, 2, 0, 0]",True,10,0.1,1000
7,10,59.0,121,0.08246870001312345,"[1.0, 2.0, 3.0, 0.0, 1.0, 2.0, 1.0, 3.0, 1.0, 0.0, 0.0, 2.0, 0.0, 2.0, 2.0, 0.0, 1.0, 2.0, 3.0, 1.0, 1.0, 1.0, 1.0, 1.0, 0.0, 1.0, 3.0, 0.0, 3.0, 0.0, 2.0, 0.0, 2.0, 2.0, 0.0, 3.0, 3.0, 3.0, 3.0, 0.0, 3.0, 2.0, 1.0, 1.0, 3.0, 1.0, 0.0, 3.0, 0.0, 1.0]",True,10,0.1,1000
8,257,59.0,2838,2.0013039000332355,"[1.0, 2.0, 3.0, 0.0, 1.0, 2.0, 1.0, 3.0, 1.0, 0.0, 0.0, 2.0, 0.0, 2.0, 2.0, 0.0, 1.0, 2.0, 3.0, 1.0, 1.0, 1.0, 1.0, 1.0, 0.0, 1.0, 3.0, 0.0, 3.0, 0.0, 2.0, 0.0, 2.0, 2.0, 0.0, 3.0, 3.0, 3.0, 3.0, 0.0, 3.0, 2.0, 1.0, 1.0, 3.0, 1.0, 0.0, 3.0, 0.0, 1.0]",True,10,0.1,1000
9,505,59.0,5522,3.90795290004462,"[1.0, 2.0, 3.0, 0.0, 1.0, 2.0, 1.0, 3.0, 1.0, 0.0, 0.0, 2.0, 0.0, 2.0, 2.0, 0.0, 1.0, 2.0, 3.0, 1.0, 1.0, 1.0, 1.0, 1.0, 0.0, 1.0, 3.0, 0.0, 3.0, 0.0, 2.0, 0.0, 2.0, 2.0, 0.0, 3.0, 3.0, 3.0, 3.0, 0.0, 3.0, 2.0, 1.0, 1.0, 3.0, 1.0, 0.0, 3.0, 0.0, 1.0]",True,10,0.1,1000
10,752,59.0,5522,3.90795290004462,"[1.0, 2.0, 3.0, 0.0, 1.0, 2.0, 1.0, 3.0, 1.0, 0.0, 0.0, 2.0, 0.0, 2.0, 2.0, 0.0, 1.0, 2.0, 3.0, 1.0, 1.0, 1.0, 1.0, 1.0, 0.0, 1.0, 3.0, 0.0, 3.0, 0.0, 2.0, 0.0, 2.0, 2.0, 0.0, 3.0, 3.0, 3.0, 3.0, 0.0, 3.0, 2.0, 1.0, 1.0, 3.0, 1.0, 0.0, 3.0, 0.0, 1.0]",True,10,0.1,1000
11,1000,59.0,5522,3.90795290004462,"[1.0, 2.0, 3.0, 0.0, 1.0, 2.0, 1.0, 3.0, 1.0, 0.0, 0.0, 2.0, 0.0, 2.0, 2.0, 0.0, 1.0, 2.0, 3.0, 1.0, 1.0, 1.0, 1.0, 1.0, 0.0, 1.0, 3.0, 0.0, 3.0, 0.0, 2.0, 0.0, 2.0, 2.0, 0.0, 3.0, 3.0, 3.0, 3.0, 0.0, 3.0, 2.0, 1.0, 1.0, 3.0, 1.0, 0.0, 3.0, 0.0, 1.0]",True,10,0.1,1000
12,0,26.0,10,0.0002932999632321298,"[0, 3, 1, 0, 2, 3, 2, 3, 0, 3, 2, 1, 3, 3, 1, 3, 3, 3, 2, 0, 0, 0, 1, 3, 3, 2, 0, 2, 3, 3, 3, 2, 2, 1, 2, 0, 3, 3, 1, 0, 0, 2, 2, 3, 3, 1, 3, 2, 0, 0]",True,10,0.2,1000
13,10,59.0,121,0.08545569999841973,"[1.0, 2.0, 3.0, 0.0, 1.0, 2.0, 1.0, 3.0, 1.0, 0.0, 0.0, 2.0, 0.0, 2.0, 2.0, 0.0, 1.0, 2.0, 3.0, 1.0, 1.0, 1.0, 1.0, 1.0, 0.0, 1.0, 3.0, 0.0, 3.0, 0.0, 2.0, 0.0, 2.0, 2.0, 0.0, 3.0, 3.0, 3.0, 3.0, 0.0, 3.0, 2.0, 1.0, 1.0, 3.0, 1.0, 0.0, 3.0, 0.0, 1.0]",True,10,0.2,1000
14,257,59.0,2838,1.999186099972576,"[1.0, 2.0, 3.0, 0.0, 1.0, 2.0, 1.0, 3.0, 1.0, 0.0, 0.0, 2.0, 0.0, 2.0, 2.0, 0.0, 1.0, 2.0, 3.0, 1.0, 1.0, 1.0, 1.0, 1.0, 0.0, 1.0, 3.0, 0.0, 3.0, 0.0, 2.0, 0.0, 2.0, 2.0, 0.0, 3.0, 3.0, 3.0, 3.0, 0.0, 3.0, 2.0, 1.0, 1.0, 3.0, 1.0, 0.0, 3.0, 0.0, 1.0]",True,10,0.2,1000
15,505,59.0,5522,3.9175433999625966,"[1.0, 2.0, 3.0, 0.0, 1.0, 2.0, 1.0, 3.0, 1.0, 0.0, 0.0, 2.0, 0.0, 2.0, 2.0, 0.0, 1.0, 2.0, 3.0, 1.0, 1.0, 1.0, 1.0, 1.0, 0.0, 1.0, 3.0, 0.0, 3.0, 0.0, 2.0, 0.0, 2.0, 2.0, 0.0, 3.0, 3.0, 3.0, 3.0, 0.0, 3.0, 2.0, 1.0, 1.0, 3.0, 1.0, 0.0, 3.0, 0.0, 1.0]",True,10,0.2,1000
16,752,59.0,5522,3.9175433999625966,"[1.0, 2.0, 3.0, 0.0, 1.0, 2.0, 1.0, 3.0, 1.0, 0.0, 0.0, 2.0, 0.0, 2.0, 2.0, 0.0, 1.0, 2.0, 3.0, 1.0, 1.0, 1.0, 1.0, 1.0, 0.0, 1.0, 3.0, 0.0, 3.0, 0.0, 2.0, 0.0, 2.0, 2.0, 0.0, 3.0, 3.0, 3.0, 3.0, 0.0, 3.0, 2.0, 1.0, 1.0, 3.0, 1.0, 0.0, 3.0, 0.0, 1.0]",True,10,0.2,1000
17,1000,59.0,5522,3.9175433999625966,"[1.0, 2.0, 3.0, 0.0, 1.0, 2.0, 1.0, 3.0, 1.0, 0.0, 0.0, 2.0, 0.0, 2.0, 2.0, 0.0, 1.0, 2.0, 3.0, 1.0, 1.0, 1.0, 1.0, 1.0, 0.0, 1.0, 3.0, 0.0, 3.0, 0.0, 2.0, 0.0, 2.0, 2.0, 0.0, 3.0, 3.0, 3.0, 3.0, 0.0, 3.0, 2.0, 1.0, 1.0, 3.0, 1.0, 0.0, 3.0, 0.0, 1.0]",True,10,0.2,1000
18,0,26.0,10,0.00030780001543462276,"[0, 3, 1, 0, 2, 3, 2, 3, 0, 3, 2, 1, 3, 3, 1, 3, 3, 3, 2, 0, 0, 0, 1, 3, 3, 2, 0, 2, 3, 3, 3, 2, 2, 1, 2, 0, 3, 3, 1, 0, 0, 2, 2, 3, 3, 1, 3, 2, 0, 0]",True,10,0.5,1000
19,10,68.0,122,0.0890524000278674,"[2.0, 0.0, 2.0, 3.0, 1.0, 3.0, 1.0, 3.0, 3.0, 0.0, 2.0, 0.0, 2.0, 1.0, 2.0, 0.0, 1.0, 3.0, 2.0, 1.0, 1.0, 3.0, 0.0, 1.0, 2.0, 1.0, 1.0, 0.0, 2.0, 0.0, 3.0, 0.0, 3.0, 0.0, 3.0, 3.0, 2.0, 3.0, 2.0, 2.0, 2.0, 2.0, 0.0, 2.0, 0.0, 1.0, 3.0, 2.0, 2.0, 2.0]",True,10,0.5,1000
20,257,68.0,2839,2.0121196000254713,"[2.0, 0.0, 2.0, 3.0, 1.0, 3.0, 1.0, 3.0, 3.0, 0.0, 2.0, 0.0, 2.0, 1.0, 2.0, 0.0, 1.0, 3.0, 2.0, 1.0, 1.0, 3.0, 0.0, 1.0, 2.0, 1.0, 1.0, 0.0, 2.0, 0.0, 3.0, 0.0, 3.0, 0.0, 3.0, 3.0, 2.0, 3.0, 2.0, 2.0, 2.0, 2.0, 0.0, 2.0, 0.0, 1.0, 3.0, 2.0, 2.0, 2.0]",True,10,0.5,1000
21,505,68.0,5534,3.9519951000111178,"[2.0, 0.0, 2.0, 3.0, 1.0, 3.0, 1.0, 3.0, 3.0, 0.0, 2.0, 0.0, 2.0, 1.0, 2.0, 0.0, 1.0, 3.0, 2.0, 1.0, 1.0, 3.0, 0.0, 1.0, 2.0, 1.0, 1.0, 0.0, 2.0, 0.0, 3.0, 0.0, 3.0, 0.0, 3.0, 3.0, 2.0, 3.0, 2.0, 2.0, 2.0, 2.0, 0.0, 2.0, 0.0, 1.0, 3.0, 2.0, 2.0, 2.0]",True,10,0.5,1000
22,752,68.0,5534,3.9519951000111178,"[2.0, 0.0, 2.0, 3.0, 1.0, 3.0, 1.0, 3.0, 3.0, 0.0, 2.0, 0.0, 2.0, 1.0, 2.0, 0.0, 1.0, 3.0, 2.0, 1.0, 1.0, 3.0, 0.0, 1.0, 2.0, 1.0, 1.0, 0.0, 2.0, 0.0, 3.0, 0.0, 3.0, 0.0, 3.0, 3.0, 2.0, 3.0, 2.0, 2.0, 2.0, 2.0, 0.0, 2.0, 0.0, 1.0, 3.0, 2.0, 2.0, 2.0]",True,10,0.5,1000
23,1000,68.0,5534,3.9519951000111178,"[2.0, 0.0, 2.0, 3.0, 1.0, 3.0, 1.0, 3.0, 3.0, 0.0, 2.0, 0.0, 2.0, 1.0, 2.0, 0.0, 1.0, 3.0, 2.0, 1.0, 1.0, 3.0, 0.0, 1.0, 2.0, 1.0, 1.0, 0.0, 2.0, 0.0, 3.0, 0.0, 3.0, 0.0, 3.0, 3.0, 2.0, 3.0, 2.0, 2.0, 2.0, 2.0, 0.0, 2.0, 0.0, 1.0, 3.0, 2.0, 2.0, 2.0]",True,10,0.5,1000
24,0,26.0,10,0.00030180002795532346,"[0, 3, 1, 0, 2, 3, 2, 3, 0, 3, 2, 1, 3, 3, 1, 3, 3, 3, 2, 0, 0, 0, 1, 3, 3, 2, 0, 2, 3, 3, 3, 2, 2, 1, 2, 0, 3, 3, 1, 0, 0, 2, 2, 3, 3, 1, 3, 2, 0, 0]",True,10,0.75,1000
25,10,46.0,121,0.09580629999982193,"[1.0, 0.0, 0.0, 0.0, 3.0, 0.0, 2.0, 3.0, 2.0, 2.0, 1.0, 3.0, 1.0, 3.0, 2.0, 2.0, 0.0, 2.0, 1.0, 0.0, 2.0, 1.0, 3.0, 2.0, 0.0, 2.0, 1.0, 0.0, 3.0, 0.0, 2.0, 3.0, 3.0, 2.0, 1.0, 3.0, 3.0, 3.0, 1.0, 1.0, 0.0, 3.0, 3.0, 2.0, 2.0, 3.0, 0.0, 1.0, 3.0, 3.0]",True,10,0.75,1000
26,257,46.0,2838,2.0365615999908186,"[1.0, 0.0, 0.0, 0.0, 3.0, 0.0, 2.0, 3.0, 2.0, 2.0, 1.0, 3.0, 1.0, 3.0, 2.0, 2.0, 0.0, 2.0, 1.0, 0.0, 2.0, 1.0, 3.0, 2.0, 0.0, 2.0, 1.0, 0.0, 3.0, 0.0, 2.0, 3.0, 3.0, 2.0, 1.0, 3.0, 3.0, 3.0, 1.0, 1.0, 0.0, 3.0, 3.0, 2.0, 2.0, 3.0, 0.0, 1.0, 3.0, 3.0]",True,10,0.75,1000
27,505,46.0,5522,3.9603611000347883,"[1.0, 0.0, 0.0, 0.0, 3.0, 0.0, 2.0, 3.0, 2.0, 2.0, 1.0, 3.0, 1.0, 3.0, 2.0, 2.0, 0.0, 2.0, 1.0, 0.0, 2.0, 1.0, 3.0, 2.0, 0.0, 2.0, 1.0, 0.0, 3.0, 0.0, 2.0, 3.0, 3.0, 2.0, 1.0, 3.0, 3.0, 3.0, 1.0, 1.0, 0.0, 3.0, 3.0, 2.0, 2.0, 3.0, 0.0, 1.0, 3.0, 3.0]",True,10,0.75,1000
28,752,46.0,5522,3.9603611000347883,"[1.0, 0.0, 0.0, 0.0, 3.0, 0.0, 2.0, 3.0, 2.0, 2.0, 1.0, 3.0, 1.0, 3.0, 2.0, 2.0, 0.0, 2.0, 1.0, 0.0, 2.0, 1.0, 3.0, 2.0, 0.0, 2.0, 1.0, 0.0, 3.0, 0.0, 2.0, 3.0, 3.0, 2.0, 1.0, 3.0, 3.0, 3.0, 1.0, 1.0, 0.0, 3.0, 3.0, 2.0, 2.0, 3.0, 0.0, 1.0, 3.0, 3.0]",True,10,0.75,1000
29,1000,46.0,5522,3.9603611000347883,"[1.0, 0.0, 0.0, 0.0, 3.0, 0.0, 2.0, 3.0, 2.0, 2.0, 1.0, 3.0, 1.0, 3.0, 2.0, 2.0, 0.0, 2.0, 1.0, 0.0, 2.0, 1.0, 3.0, 2.0, 0.0, 2.0, 1.0, 0.0, 3.0, 0.0, 2.0, 3.0, 3.0, 2.0, 1.0, 3.0, 3.0, 3.0, 1.0, 1.0, 0.0, 3.0, 3.0, 2.0, 2.0, 3.0, 0.0, 1.0, 3.0, 3.0]",True,10,0.75,1000
30,0,26.0,132,0.002986999985296279,"[0, 3, 1, 0, 2, 3, 2, 3, 0, 3, 2, 1, 3, 3, 1, 3, 3, 3, 2, 0, 0, 0, 1, 3, 3, 2, 0, 2, 3, 3, 3, 2, 2, 1, 2, 0, 3, 3, 1, 0, 0, 2, 2, 3, 3, 1, 3, 2, 0, 0]",True,132,0.05,1000
31,10,105.0,1464,0.16390949999913573,"[3.0, 2.0, 3.0, 3.0, 3.0, 2.0, 3.0, 3.0, 3.0, 1.0, 1.0, 3.0, 0.0, 1.0, 2.0, 1.0, 1.0, 2.0, 1.0, 1.0, 1.0, 2.0, 3.0, 2.0, 2.0, 3.0, 0.0, 3.0, 0.0, 0.0, 0.0, 1.0, 1.0, 0.0, 3.0, 3.0, 3.0, 3.0, 2.0, 0.0, 1.0, 2.0, 0.0, 1.0, 3.0, 3.0, 3.0, 2.0, 1.0, 3.0]",True,132,0.05,1000
32,257,105.0,34315,4.470112699957099,"[3.0, 2.0, 3.0, 3.0, 3.0, 2.0, 3.0, 3.0, 3.0, 1.0, 1.0, 3.0, 0.0, 1.0, 2.0, 1.0, 1.0, 2.0, 1.0, 1.0, 1.0, 2.0, 3.0, 2.0, 2.0, 3.0, 0.0, 3.0, 0.0, 0.0, 0.0, 1.0, 1.0, 0.0, 3.0, 3.0, 3.0, 3.0, 2.0, 0.0, 1.0, 2.0, 0.0, 1.0, 3.0, 3.0, 3.0, 2.0, 1.0, 3.0]",True,132,0.05,1000
33,505,105.0,66900,8.777246599958744,"[3.0, 2.0, 3.0, 3.0, 3.0, 2.0, 3.0, 3.0, 3.0, 1.0, 1.0, 3.0, 0.0, 1.0, 2.0, 1.0, 1.0, 2.0, 1.0, 1.0, 1.0, 2.0, 3.0, 2.0, 2.0, 3.0, 0.0, 3.0, 0.0, 0.0, 0.0, 1.0, 1.0, 0.0, 3.0, 3.0, 3.0, 3.0, 2.0, 0.0, 1.0, 2.0, 0.0, 1.0, 3.0, 3.0, 3.0, 2.0, 1.0, 3.0]",True,132,0.05,1000
34,752,105.0,66900,8.777246599958744,"[3.0, 2.0, 3.0, 3.0, 3.0, 2.0, 3.0, 3.0, 3.0, 1.0, 1.0, 3.0, 0.0, 1.0, 2.0, 1.0, 1.0, 2.0, 1.0, 1.0, 1.0, 2.0, 3.0, 2.0, 2.0, 3.0, 0.0, 3.0, 0.0, 0.0, 0.0, 1.0, 1.0, 0.0, 3.0, 3.0, 3.0, 3.0, 2.0, 0.0, 1.0, 2.0, 0.0, 1.0, 3.0, 3.0, 3.0, 2.0, 1.0, 3.0]",True,132,0.05,1000
35,1000,105.0,66900,8.777246599958744,"[3.0, 2.0, 3.0, 3.0, 3.0, 2.0, 3.0, 3.0, 3.0, 1.0, 1.0, 3.0, 0.0, 1.0, 2.0, 1.0, 1.0, 2.0, 1.0, 1.0, 1.0, 2.0, 3.0, 2.0, 2.0, 3.0, 0.0, 3.0, 0.0, 0.0, 0.0, 1.0, 1.0, 0.0, 3.0, 3.0, 3.0, 3.0, 2.0, 0.0, 1.0, 2.0, 0.0, 1.0, 3.0, 3.0, 3.0, 2.0, 1.0, 3.0]",True,132,0.05,1000
36,0,26.0,132,0.0030183999915607274,"[0, 3, 1, 0, 2, 3, 2, 3, 0, 3, 2, 1, 3, 3, 1, 3, 3, 3, 2, 0, 0, 0, 1, 3, 3, 2, 0, 2, 3, 3, 3, 2, 2, 1, 2, 0, 3, 3, 1, 0, 0, 2, 2, 3, 3, 1, 3, 2, 0, 0]",True,132,0.1,1000
37,10,154.0,1467,0.14985069999238476,"[3.0, 0.0, 2.0, 3.0, 2.0, 0.0, 3.0, 2.0, 3.0, 3.0, 3.0, 3.0, 3.0, 1.0, 2.0, 2.0, 0.0, 2.0, 1.0, 1.0, 1.0, 3.0, 1.0, 0.0, 0.0, 1.0, 2.0, 2.0, 2.0, 0.0, 0.0, 1.0, 3.0, 0.0, 3.0, 3.0, 3.0, 3.0, 2.0, 2.0, 1.0, 1.0, 2.0, 0.0, 1.0, 3.0, 3.0, 2.0, 0.0, 2.0]",True,132,0.1,1000
38,257,154.0,34318,4.444158199999947,"[3.0, 0.0, 2.0, 3.0, 2.0, 0.0, 3.0, 2.0, 3.0, 3.0, 3.0, 3.0, 3.0, 1.0, 2.0, 2.0, 0.0, 2.0, 1.0, 1.0, 1.0, 3.0, 1.0, 0.0, 0.0, 1.0, 2.0, 2.0, 2.0, 0.0, 0.0, 1.0, 3.0, 0.0, 3.0, 3.0, 3.0, 3.0, 2.0, 2.0, 1.0, 1.0, 2.0, 0.0, 1.0, 3.0, 3.0, 2.0, 0.0, 2.0]",True,132,0.1,1000
39,505,154.0,67302,8.79404720000457,"[3.0, 0.0, 2.0, 3.0, 2.0, 0.0, 3.0, 2.0, 3.0, 3.0, 3.0, 3.0, 3.0, 1.0, 2.0, 2.0, 0.0, 2.0, 1.0, 1.0, 1.0, 3.0, 1.0, 0.0, 0.0, 1.0, 2.0, 2.0, 2.0, 0.0, 0.0, 1.0, 3.0, 0.0, 3.0, 3.0, 3.0, 3.0, 2.0, 2.0, 1.0, 1.0, 2.0, 0.0, 1.0, 3.0, 3.0, 2.0, 0.0, 2.0]",True,132,0.1,1000
40,752,154.0,67302,8.79404720000457,"[3.0, 0.0, 2.0, 3.0, 2.0, 0.0, 3.0, 2.0, 3.0, 3.0, 3.0, 3.0, 3.0, 1.0, 2.0, 2.0, 0.0, 2.0, 1.0, 1.0, 1.0, 3.0, 1.0, 0.0, 0.0, 1.0, 2.0, 2.0, 2.0, 0.0, 0.0, 1.0, 3.0, 0.0, 3.0, 3.0, 3.0, 3.0, 2.0, 2.0, 1.0, 1.0, 2.0, 0.0, 1.0, 3.0, 3.0, 2.0, 0.0, 2.0]",True,132,0.1,1000
41,1000,154.0,67302,8.79404720000457,"[3.0, 0.0, 2.0, 3.0, 2.0, 0.0, 3.0, 2.0, 3.0, 3.0, 3.0, 3.0, 3.0, 1.0, 2.0, 2.0, 0.0, 2.0, 1.0, 1.0, 1.0, 3.0, 1.0, 0.0, 0.0, 1.0, 2.0, 2.0, 2.0, 0.0, 0.0, 1.0, 3.0, 0.0, 3.0, 3.0, 3.0, 3.0, 2.0, 2.0, 1.0, 1.0, 2.0, 0.0, 1.0, 3.0, 3.0, 2.0, 0.0, 2.0]",True,132,0.1,1000
42,0,26.0,132,0.0029661000007763505,"[0, 3, 1, 0, 2, 3, 2, 3, 0, 3, 2, 1, 3, 3, 1, 3, 3, 3, 2, 0, 0, 0, 1, 3, 3, 2, 0, 2, 3, 3, 3, 2, 2, 1, 2, 0, 3, 3, 1, 0, 0, 2, 2, 3, 3, 1, 3, 2, 0, 0]",True,132,0.2,1000
43,10,214.0,1471,0.13986490003298968,"[2.0, 2.0, 2.0, 3.0, 3.0, 0.0, 2.0, 3.0, 2.0, 3.0, 0.0, 0.0, 3.0, 0.0, 3.0, 0.0, 1.0, 0.0, 3.0, 1.0, 1.0, 3.0, 1.0, 0.0, 1.0, 0.0, 2.0, 2.0, 0.0, 2.0, 1.0, 1.0, 3.0, 3.0, 2.0, 2.0, 3.0, 3.0, 2.0, 2.0, 1.0, 1.0, 2.0, 0.0, 1.0, 3.0, 3.0, 2.0, 3.0, 2.0]",True,132,0.2,1000
44,257,214.0,34322,4.419545700016897,"[2.0, 2.0, 2.0, 3.0, 3.0, 0.0, 2.0, 3.0, 2.0, 3.0, 0.0, 0.0, 3.0, 0.0, 3.0, 0.0, 1.0, 0.0, 3.0, 1.0, 1.0, 3.0, 1.0, 0.0, 1.0, 0.0, 2.0, 2.0, 0.0, 2.0, 1.0, 1.0, 3.0, 3.0, 2.0, 2.0, 3.0, 3.0, 2.0, 2.0, 1.0, 1.0, 2.0, 0.0, 1.0, 3.0, 3.0, 2.0, 3.0, 2.0]",True,132,0.2,1000
45,505,214.0,67306,8.760057000035886,"[2.0, 2.0, 2.0, 3.0, 3.0, 0.0, 2.0, 3.0, 2.0, 3.0, 0.0, 0.0, 3.0, 0.0, 3.0, 0.0, 1.0, 0.0, 3.0, 1.0, 1.0, 3.0, 1.0, 0.0, 1.0, 0.0, 2.0, 2.0, 0.0, 2.0, 1.0, 1.0, 3.0, 3.0, 2.0, 2.0, 3.0, 3.0, 2.0, 2.0, 1.0, 1.0, 2.0, 0.0, 1.0, 3.0, 3.0, 2.0, 3.0, 2.0]",True,132,0.2,1000
46,752,214.0,67838,8.847262000024784,"[2.0, 2.0, 2.0, 3.0, 3.0, 0.0, 2.0, 3.0, 2.0, 3.0, 0.0, 0.0, 3.0, 0.0, 3.0, 0.0, 1.0, 0.0, 3.0, 1.0, 1.0, 3.0, 1.0, 0.0, 1.0, 0.0, 2.0, 2.0, 0.0, 2.0, 1.0, 1.0, 3.0, 3.0, 2.0, 2.0, 3.0, 3.0, 2.0, 2.0, 1.0, 1.0, 2.0, 0.0, 1.0, 3.0, 3.0, 2.0, 3.0, 2.0]",True,132,0.2,1000
47,1000,214.0,67838,8.847262000024784,"[2.0, 2.0, 2.0, 3.0, 3.0, 0.0, 2.0, 3.0, 2.0, 3.0, 0.0, 0.0, 3.0, 0.0, 3.0, 0.0, 1.0, 0.0, 3.0, 1.0, 1.0, 3.0, 1.0, 0.0, 1.0, 0.0, 2.0, 2.0, 0.0, 2.0, 1.0, 1.0, 3.0, 3.0, 2.0, 2.0, 3.0, 3.0, 2.0, 2.0, 1.0, 1.0, 2.0, 0.0, 1.0, 3.0, 3.0, 2.0, 3.0, 2.0]",True,132,0.2,1000
48,0,26.0,132,0.0030074999667704105,"[0, 3, 1, 0, 2, 3, 2, 3, 0, 3, 2, 1, 3, 3, 1, 3, 3, 3, 2, 0, 0, 0, 1, 3, 3, 2, 0, 2, 3, 3, 3, 2, 2, 1, 2, 0, 3, 3, 1, 0, 0, 2, 2, 3, 3, 1, 3, 2, 0, 0]",True,132,0.5,1000
49,10,211.0,1471,0.16748229996301234,"[3.0, 0.0, 2.0, 3.0, 3.0, 0.0, 2.0, 3.0, 2.0, 3.0, 0.0, 0.0, 3.0, 0.0, 1.0, 2.0, 3.0, 2.0, 0.0, 1.0, 0.0, 1.0, 1.0, 0.0, 1.0, 0.0, 2.0, 0.0, 0.0, 3.0, 0.0, 1.0, 3.0, 0.0, 3.0, 3.0, 3.0, 3.0, 2.0, 2.0, 1.0, 1.0, 0.0, 1.0, 3.0, 1.0, 0.0, 2.0, 2.0, 2.0]",True,132,0.5,1000
50,257,487.0,34331,4.429958499968052,"[0.0, 0.0, 2.0, 3.0, 3.0, 0.0, 2.0, 3.0, 2.0, 3.0, 0.0, 0.0, 1.0, 0.0, 2.0, 0.0, 1.0, 3.0, 1.0, 1.0, 1.0, 1.0, 0.0, 0.0, 1.0, 0.0, 2.0, 2.0, 0.0, 2.0, 1.0, 1.0, 3.0, 0.0, 3.0, 3.0, 3.0, 3.0, 2.0, 2.0, 1.0, 2.0, 0.0, 1.0, 3.0, 3.0, 3.0, 2.0, 2.0, 1.0]",True,132,0.5,1000
51,505,487.0,67315,8.753874199988786,"[0.0, 0.0, 2.0, 3.0, 3.0, 0.0, 2.0, 3.0, 2.0, 3.0, 0.0, 0.0, 1.0, 0.0, 2.0, 0.0, 1.0, 3.0, 1.0, 1.0, 1.0, 1.0, 0.0, 0.0, 1.0, 0.0, 2.0, 2.0, 0.0, 2.0, 1.0, 1.0, 3.0, 0.0, 3.0, 3.0, 3.0, 3.0, 2.0, 2.0, 1.0, 2.0, 0.0, 1.0, 3.0, 3.0, 3.0, 2.0, 2.0, 1.0]",True,132,0.5,1000
52,752,487.0,69709,9.085776299994905,"[0.0, 0.0, 2.0, 3.0, 3.0, 0.0, 2.0, 3.0, 2.0, 3.0, 0.0, 0.0, 1.0, 0.0, 2.0, 0.0, 1.0, 3.0, 1.0, 1.0, 1.0, 1.0, 0.0, 0.0, 1.0, 0.0, 2.0, 2.0, 0.0, 2.0, 1.0, 1.0, 3.0, 0.0, 3.0, 3.0, 3.0, 3.0, 2.0, 2.0, 1.0, 2.0, 0.0, 1.0, 3.0, 3.0, 3.0, 2.0, 2.0, 1.0]",True,132,0.5,1000
53,1000,487.0,69709,9.085776299994905,"[0.0, 0.0, 2.0, 3.0, 3.0, 0.0, 2.0, 3.0, 2.0, 3.0, 0.0, 0.0, 1.0, 0.0, 2.0, 0.0, 1.0, 3.0, 1.0, 1.0, 1.0, 1.0, 0.0, 0.0, 1.0, 0.0, 2.0, 2.0, 0.0, 2.0, 1.0, 1.0, 3.0, 0.0, 3.0, 3.0, 3.0, 3.0, 2.0, 2.0, 1.0, 2.0, 0.0, 1.0, 3.0, 3.0, 3.0, 2.0, 2.0, 1.0]",True,132,0.5,1000
54,0,26.0,132,0.002969500026665628,"[0, 3, 1, 0, 2, 3, 2, 3, 0, 3, 2, 1, 3, 3, 1, 3, 3, 3, 2, 0, 0, 0, 1, 3, 3, 2, 0, 2, 3, 3, 3, 2, 2, 1, 2, 0, 3, 3, 1, 0, 0, 2, 2, 3, 3, 1, 3, 2, 0, 0]",True,132,0.75,1000
55,10,110.0,1469,0.18444550002459437,"[0.0, 0.0, 1.0, 3.0, 0.0, 3.0, 0.0, 1.0, 2.0, 0.0, 2.0, 2.0, 2.0, 1.0, 0.0, 3.0, 1.0, 0.0, 1.0, 3.0, 1.0, 2.0, 3.0, 2.0, 0.0, 2.0, 3.0, 2.0, 0.0, 2.0, 1.0, 1.0, 3.0, 0.0, 3.0, 3.0, 3.0, 3.0, 3.0, 2.0, 2.0, 3.0, 1.0, 1.0, 0.0, 3.0, 0.0, 2.0, 3.0, 3.0]",True,132,0.75,1000
56,257,344.0,34330,4.490168399992399,"[1.0, 0.0, 2.0, 3.0, 3.0, 0.0, 3.0, 2.0, 1.0, 2.0, 2.0, 0.0, 3.0, 0.0, 1.0, 3.0, 3.0, 1.0, 3.0, 3.0, 3.0, 1.0, 0.0, 0.0, 1.0, 0.0, 2.0, 2.0, 0.0, 2.0, 1.0, 1.0, 3.0, 0.0, 3.0, 3.0, 3.0, 3.0, 2.0, 2.0, 1.0, 2.0, 0.0, 0.0, 3.0, 3.0, 3.0, 2.0, 3.0, 3.0]",True,132,0.75,1000
57,505,344.0,67314,8.822261699999217,"[1.0, 0.0, 2.0, 3.0, 3.0, 0.0, 3.0, 2.0, 1.0, 2.0, 2.0, 0.0, 3.0, 0.0, 1.0, 3.0, 3.0, 1.0, 3.0, 3.0, 3.0, 1.0, 0.0, 0.0, 1.0, 0.0, 2.0, 2.0, 0.0, 2.0, 1.0, 1.0, 3.0, 0.0, 3.0, 3.0, 3.0, 3.0, 2.0, 2.0, 1.0, 2.0, 0.0, 0.0, 3.0, 3.0, 3.0, 2.0, 3.0, 3.0]",True,132,0.75,1000
58,752,344.0,76491,10.047660100040957,"[1.0, 0.0, 2.0, 3.0, 3.0, 0.0, 3.0, 2.0, 1.0, 2.0, 2.0, 0.0, 3.0, 0.0, 1.0, 3.0, 3.0, 1.0, 3.0, 3.0, 3.0, 1.0, 0.0, 0.0, 1.0, 0.0, 2.0, 2.0, 0.0, 2.0, 1.0, 1.0, 3.0, 0.0, 3.0, 3.0, 3.0, 3.0, 2.0, 2.0, 1.0, 2.0, 0.0, 0.0, 3.0, 3.0, 3.0, 2.0, 3.0, 3.0]",True,132,0.75,1000
59,1000,344.0,76491,10.047660100040957,"[1.0, 0.0, 2.0, 3.0, 3.0, 0.0, 3.0, 2.0, 1.0, 2.0, 2.0, 0.0, 3.0, 0.0, 1.0, 3.0, 3.0, 1.0, 3.0, 3.0, 3.0, 1.0, 0.0, 0.0, 1.0, 0.0, 2.0, 2.0, 0.0, 2.0, 1.0, 1.0, 3.0, 0.0, 3.0, 3.0, 3.0, 3.0, 2.0, 2.0, 1.0, 2.0, 0.0, 0.0, 3.0, 3.0, 3.0, 2.0, 3.0, 3.0]",True,132,0.75,1000
60,0,26.0,255,0.005623800039757043,"[0, 3, 1, 0, 2, 3, 2, 3, 0, 3, 2, 1, 3, 3, 1, 3, 3, 3, 2, 0, 0, 0, 1, 3, 3, 2, 0, 2, 3, 3, 3, 2, 2, 1, 2, 0, 3, 3, 1, 0, 0, 2, 2, 3, 3, 1, 3, 2, 0, 0]",True,255,0.05,1000
61,10,193.0,2819,0.21930500003509223,"[3.0, 2.0, 3.0, 1.0, 0.0, 2.0, 2.0, 2.0, 3.0, 0.0, 1.0, 3.0, 2.0, 0.0, 0.0, 1.0, 2.0, 3.0, 3.0, 1.0, 3.0, 1.0, 1.0, 0.0, 3.0, 0.0, 0.0, 2.0, 2.0, 0.0, 1.0, 1.0, 1.0, 1.0, 3.0, 3.0, 3.0, 3.0, 2.0, 2.0, 1.0, 2.0, 0.0, 1.0, 3.0, 3.0, 3.0, 2.0, 3.0, 1.0]",True,255,0.05,1000
62,257,193.0,66051,6.9201628000009805,"[3.0, 2.0, 3.0, 1.0, 0.0, 2.0, 2.0, 2.0, 3.0, 0.0, 1.0, 3.0, 2.0, 0.0, 0.0, 1.0, 2.0, 3.0, 3.0, 1.0, 3.0, 1.0, 1.0, 0.0, 3.0, 0.0, 0.0, 2.0, 2.0, 0.0, 1.0, 1.0, 1.0, 1.0, 3.0, 3.0, 3.0, 3.0, 2.0, 2.0, 1.0, 2.0, 0.0, 1.0, 3.0, 3.0, 3.0, 2.0, 3.0, 1.0]",True,255,0.05,1000
63,505,193.0,129283,13.644669300003443,"[3.0, 2.0, 3.0, 1.0, 0.0, 2.0, 2.0, 2.0, 3.0, 0.0, 1.0, 3.0, 2.0, 0.0, 0.0, 1.0, 2.0, 3.0, 3.0, 1.0, 3.0, 1.0, 1.0, 0.0, 3.0, 0.0, 0.0, 2.0, 2.0, 0.0, 1.0, 1.0, 1.0, 1.0, 3.0, 3.0, 3.0, 3.0, 2.0, 2.0, 1.0, 2.0, 0.0, 1.0, 3.0, 3.0, 3.0, 2.0, 3.0, 1.0]",True,255,0.05,1000
64,752,193.0,129283,13.644669300003443,"[3.0, 2.0, 3.0, 1.0, 0.0, 2.0, 2.0, 2.0, 3.0, 0.0, 1.0, 3.0, 2.0, 0.0, 0.0, 1.0, 2.0, 3.0, 3.0, 1.0, 3.0, 1.0, 1.0, 0.0, 3.0, 0.0, 0.0, 2.0, 2.0, 0.0, 1.0, 1.0, 1.0, 1.0, 3.0, 3.0, 3.0, 3.0, 2.0, 2.0, 1.0, 2.0, 0.0, 1.0, 3.0, 3.0, 3.0, 2.0, 3.0, 1.0]",True,255,0.05,1000
65,1000,193.0,129283,13.644669300003443,"[3.0, 2.0, 3.0, 1.0, 0.0, 2.0, 2.0, 2.0, 3.0, 0.0, 1.0, 3.0, 2.0, 0.0, 0.0, 1.0, 2.0, 3.0, 3.0, 1.0, 3.0, 1.0, 1.0, 0.0, 3.0, 0.0, 0.0, 2.0, 2.0, 0.0, 1.0, 1.0, 1.0, 1.0, 3.0, 3.0, 3.0, 3.0, 2.0, 2.0, 1.0, 2.0, 0.0, 1.0, 3.0, 3.0, 3.0, 2.0, 3.0, 1.0]",True,255,0.05,1000
66,0,26.0,255,0.005815600045025349,"[0, 3, 1, 0, 2, 3, 2, 3, 0, 3, 2, 1, 3, 3, 1, 3, 3, 3, 2, 0, 0, 0, 1, 3, 3, 2, 0, 2, 3, 3, 3, 2, 2, 1, 2, 0, 3, 3, 1, 0, 0, 2, 2, 3, 3, 1, 3, 2, 0, 0]",True,255,0.1,1000
67,10,309.0,2821,0.17627090000314638,"[1.0, 0.0, 2.0, 3.0, 3.0, 0.0, 2.0, 3.0, 2.0, 3.0, 1.0, 0.0, 3.0, 2.0, 3.0, 0.0, 1.0, 3.0, 1.0, 2.0, 3.0, 1.0, 0.0, 0.0, 1.0, 0.0, 2.0, 2.0, 1.0, 0.0, 0.0, 1.0, 3.0, 0.0, 3.0, 3.0, 3.0, 3.0, 2.0, 2.0, 1.0, 2.0, 0.0, 1.0, 3.0, 3.0, 3.0, 2.0, 3.0, 1.0]",True,255,0.1,1000
68,257,309.0,66053,6.880433000042103,"[1.0, 0.0, 2.0, 3.0, 3.0, 0.0, 2.0, 3.0, 2.0, 3.0, 1.0, 0.0, 3.0, 2.0, 3.0, 0.0, 1.0, 3.0, 1.0, 2.0, 3.0, 1.0, 0.0, 0.0, 1.0, 0.0, 2.0, 2.0, 1.0, 0.0, 0.0, 1.0, 3.0, 0.0, 3.0, 3.0, 3.0, 3.0, 2.0, 2.0, 1.0, 2.0, 0.0, 1.0, 3.0, 3.0, 3.0, 2.0, 3.0, 1.0]",True,255,0.1,1000
69,505,309.0,129541,13.617643600038718,"[1.0, 0.0, 2.0, 3.0, 3.0, 0.0, 2.0, 3.0, 2.0, 3.0, 1.0, 0.0, 3.0, 2.0, 3.0, 0.0, 1.0, 3.0, 1.0, 2.0, 3.0, 1.0, 0.0, 0.0, 1.0, 0.0, 2.0, 2.0, 1.0, 0.0, 0.0, 1.0, 3.0, 0.0, 3.0, 3.0, 3.0, 3.0, 2.0, 2.0, 1.0, 2.0, 0.0, 1.0, 3.0, 3.0, 3.0, 2.0, 3.0, 1.0]",True,255,0.1,1000
70,752,309.0,130309,13.72257120005088,"[1.0, 0.0, 2.0, 3.0, 3.0, 0.0, 2.0, 3.0, 2.0, 3.0, 1.0, 0.0, 3.0, 2.0, 3.0, 0.0, 1.0, 3.0, 1.0, 2.0, 3.0, 1.0, 0.0, 0.0, 1.0, 0.0, 2.0, 2.0, 1.0, 0.0, 0.0, 1.0, 3.0, 0.0, 3.0, 3.0, 3.0, 3.0, 2.0, 2.0, 1.0, 2.0, 0.0, 1.0, 3.0, 3.0, 3.0, 2.0, 3.0, 1.0]",True,255,0.1,1000
71,1000,309.0,130309,13.72257120005088,"[1.0, 0.0, 2.0, 3.0, 3.0, 0.0, 2.0, 3.0, 2.0, 3.0, 1.0, 0.0, 3.0, 2.0, 3.0, 0.0, 1.0, 3.0, 1.0, 2.0, 3.0, 1.0, 0.0, 0.0, 1.0, 0.0, 2.0, 2.0, 1.0, 0.0, 0.0, 1.0, 3.0, 0.0, 3.0, 3.0, 3.0, 3.0, 2.0, 2.0, 1.0, 2.0, 0.0, 1.0, 3.0, 3.0, 3.0, 2.0, 3.0, 1.0]",True,255,0.1,1000
72,0,26.0,255,0.005631099978927523,"[0, 3, 1, 0, 2, 3, 2, 3, 0, 3, 2, 1, 3, 3, 1, 3, 3, 3, 2, 0, 0, 0, 1, 3, 3, 2, 0, 2, 3, 3, 3, 2, 2, 1, 2, 0, 3, 3, 1, 0, 0, 2, 2, 3, 3, 1, 3, 2, 0, 0]",True,255,0.2,1000
73,10,355.0,2821,0.19098989997291937,"[0.0, 0.0, 2.0, 3.0, 3.0, 0.0, 2.0, 3.0, 2.0, 0.0, 0.0, 0.0, 3.0, 0.0, 1.0, 2.0, 0.0, 1.0, 3.0, 1.0, 3.0, 1.0, 0.0, 0.0, 1.0, 0.0, 2.0, 2.0, 0.0, 0.0, 2.0, 1.0, 1.0, 3.0, 0.0, 3.0, 3.0, 3.0, 3.0, 2.0, 2.0, 1.0, 2.0, 0.0, 1.0, 3.0, 3.0, 3.0, 3.0, 2.0]",True,255,0.2,1000
74,257,383.0,66055,6.82210849999683,"[1.0, 0.0, 2.0, 3.0, 3.0, 0.0, 2.0, 3.0, 2.0, 0.0, 0.0, 0.0, 3.0, 0.0, 1.0, 2.0, 0.0, 1.0, 3.0, 1.0, 3.0, 1.0, 0.0, 0.0, 1.0, 0.0, 2.0, 2.0, 2.0, 0.0, 2.0, 1.0, 1.0, 3.0, 0.0, 3.0, 3.0, 3.0, 3.0, 2.0, 2.0, 1.0, 2.0, 0.0, 1.0, 3.0, 3.0, 2.0, 3.0, 1.0]",True,255,0.2,1000
75,505,383.0,129543,13.582493899972178,"[1.0, 0.0, 2.0, 3.0, 3.0, 0.0, 2.0, 3.0, 2.0, 0.0, 0.0, 0.0, 3.0, 0.0, 1.0, 2.0, 0.0, 1.0, 3.0, 1.0, 3.0, 1.0, 0.0, 0.0, 1.0, 0.0, 2.0, 2.0, 2.0, 0.0, 2.0, 1.0, 1.0, 3.0, 0.0, 3.0, 3.0, 3.0, 3.0, 2.0, 2.0, 1.0, 2.0, 0.0, 1.0, 3.0, 3.0, 2.0, 3.0, 1.0]",True,255,0.2,1000
76,752,383.0,131335,13.799252500000875,"[1.0, 0.0, 2.0, 3.0, 3.0, 0.0, 2.0, 3.0, 2.0, 0.0, 0.0, 0.0, 3.0, 0.0, 1.0, 2.0, 0.0, 1.0, 3.0, 1.0, 3.0, 1.0, 0.0, 0.0, 1.0, 0.0, 2.0, 2.0, 2.0, 0.0, 2.0, 1.0, 1.0, 3.0, 0.0, 3.0, 3.0, 3.0, 3.0, 2.0, 2.0, 1.0, 2.0, 0.0, 1.0, 3.0, 3.0, 2.0, 3.0, 1.0]",True,255,0.2,1000
77,1000,383.0,131335,13.799252500000875,"[1.0, 0.0, 2.0, 3.0, 3.0, 0.0, 2.0, 3.0, 2.0, 0.0, 0.0, 0.0, 3.0, 0.0, 1.0, 2.0, 0.0, 1.0, 3.0, 1.0, 3.0, 1.0, 0.0, 0.0, 1.0, 0.0, 2.0, 2.0, 2.0, 0.0, 2.0, 1.0, 1.0, 3.0, 0.0, 3.0, 3.0, 3.0, 3.0, 2.0, 2.0, 1.0, 2.0, 0.0, 1.0, 3.0, 3.0, 2.0, 3.0, 1.0]",True,255,0.2,1000
78,0,26.0,255,0.005612500011920929,"[0, 3, 1, 0, 2, 3, 2, 3, 0, 3, 2, 1, 3, 3, 1, 3, 3, 3, 2, 0, 0, 0, 1, 3, 3, 2, 0, 2, 3, 3, 3, 2, 2, 1, 2, 0, 3, 3, 1, 0, 0, 2, 2, 3, 3, 1, 3, 2, 0, 0]",True,255,0.5,1000
79,10,212.0,2821,0.23681670002406463,"[1.0, 0.0, 2.0, 3.0, 0.0, 2.0, 2.0, 2.0, 1.0, 2.0, 2.0, 0.0, 1.0, 2.0, 0.0, 2.0, 0.0, 2.0, 1.0, 1.0, 1.0, 3.0, 1.0, 0.0, 0.0, 0.0, 2.0, 2.0, 1.0, 0.0, 2.0, 1.0, 1.0, 0.0, 3.0, 3.0, 3.0, 3.0, 2.0, 2.0, 1.0, 2.0, 0.0, 1.0, 3.0, 3.0, 3.0, 2.0, 3.0, 3.0]",True,255,0.5,1000
80,257,598.0,66064,6.815125100023579,"[1.0, 0.0, 2.0, 3.0, 3.0, 0.0, 2.0, 3.0, 2.0, 3.0, 0.0, 0.0, 3.0, 0.0, 1.0, 2.0, 0.0, 1.0, 3.0, 1.0, 1.0, 3.0, 1.0, 0.0, 0.0, 1.0, 0.0, 2.0, 2.0, 2.0, 2.0, 1.0, 1.0, 3.0, 3.0, 3.0, 3.0, 3.0, 2.0, 2.0, 1.0, 2.0, 0.0, 1.0, 3.0, 3.0, 3.0, 2.0, 3.0, 1.0]",True,255,0.5,1000
81,505,598.0,129552,13.54448839998804,"[1.0, 0.0, 2.0, 3.0, 3.0, 0.0, 2.0, 3.0, 2.0, 3.0, 0.0, 0.0, 3.0, 0.0, 1.0, 2.0, 0.0, 1.0, 3.0, 1.0, 1.0, 3.0, 1.0, 0.0, 0.0, 1.0, 0.0, 2.0, 2.0, 2.0, 2.0, 1.0, 1.0, 3.0, 3.0, 3.0, 3.0, 3.0, 2.0, 2.0, 1.0, 2.0, 0.0, 1.0, 3.0, 3.0, 3.0, 2.0, 3.0, 1.0]",True,255,0.5,1000
82,752,598.0,136464,14.301977500028443,"[1.0, 0.0, 2.0, 3.0, 3.0, 0.0, 2.0, 3.0, 2.0, 3.0, 0.0, 0.0, 3.0, 0.0, 1.0, 2.0, 0.0, 1.0, 3.0, 1.0, 1.0, 3.0, 1.0, 0.0, 0.0, 1.0, 0.0, 2.0, 2.0, 2.0, 2.0, 1.0, 1.0, 3.0, 3.0, 3.0, 3.0, 3.0, 2.0, 2.0, 1.0, 2.0, 0.0, 1.0, 3.0, 3.0, 3.0, 2.0, 3.0, 1.0]",True,255,0.5,1000
83,1000,598.0,136464,14.301977500028443,"[1.0, 0.0, 2.0, 3.0, 3.0, 0.0, 2.0, 3.0, 2.0, 3.0, 0.0, 0.0, 3.0, 0.0, 1.0, 2.0, 0.0, 1.0, 3.0, 1.0, 1.0, 3.0, 1.0, 0.0, 0.0, 1.0, 0.0, 2.0, 2.0, 2.0, 2.0, 1.0, 1.0, 3.0, 3.0, 3.0, 3.0, 3.0, 2.0, 2.0, 1.0, 2.0, 0.0, 1.0, 3.0, 3.0, 3.0, 2.0, 3.0, 1.0]",True,255,0.5,1000
84,0,26.0,255,0.0055958000011742115,"[0, 3, 1, 0, 2, 3, 2, 3, 0, 3, 2, 1, 3, 3, 1, 3, 3, 3, 2, 0, 0, 0, 1, 3, 3, 2, 0, 2, 3, 3, 3, 2, 2, 1, 2, 0, 3, 3, 1, 0, 0, 2, 2, 3, 3, 1, 3, 2, 0, 0]",True,255,0.75,1000
85,10,120.0,2821,0.27547189994947985,"[0.0, 1.0, 3.0, 3.0, 0.0, 2.0, 0.0, 3.0, 2.0, 2.0, 0.0, 0.0, 3.0, 1.0, 0.0, 0.0, 3.0, 3.0, 1.0, 1.0, 1.0, 1.0, 1.0, 1.0, 0.0, 1.0, 1.0, 2.0, 1.0, 0.0, 1.0, 1.0, 3.0, 0.0, 3.0, 3.0, 3.0, 3.0, 3.0, 2.0, 2.0, 1.0, 2.0, 3.0, 3.0, 1.0, 0.0, 3.0, 3.0, 1.0]",True,255,0.75,1000
86,257,381.0,66076,6.830090299947187,"[1.0, 0.0, 2.0, 3.0, 3.0, 0.0, 2.0, 3.0, 2.0, 3.0, 0.0, 3.0, 0.0, 1.0, 2.0, 0.0, 1.0, 3.0, 1.0, 1.0, 1.0, 3.0, 1.0, 0.0, 1.0, 0.0, 2.0, 2.0, 0.0, 2.0, 1.0, 1.0, 3.0, 0.0, 3.0, 3.0, 3.0, 3.0, 2.0, 2.0, 1.0, 2.0, 0.0, 0.0, 1.0, 3.0, 3.0, 2.0, 3.0, 1.0]",True,255,0.75,1000
87,505,381.0,129564,13.560970499995165,"[1.0, 0.0, 2.0, 3.0, 3.0, 0.0, 2.0, 3.0, 2.0, 3.0, 0.0, 3.0, 0.0, 1.0, 2.0, 0.0, 1.0, 3.0, 1.0, 1.0, 1.0, 3.0, 1.0, 0.0, 1.0, 0.0, 2.0, 2.0, 0.0, 2.0, 1.0, 1.0, 3.0, 0.0, 3.0, 3.0, 3.0, 3.0, 2.0, 2.0, 1.0, 2.0, 0.0, 0.0, 1.0, 3.0, 3.0, 2.0, 3.0, 1.0]",True,255,0.75,1000
88,752,381.0,160796,16.87907779996749,"[1.0, 0.0, 2.0, 3.0, 3.0, 0.0, 2.0, 3.0, 2.0, 3.0, 0.0, 3.0, 0.0, 1.0, 2.0, 0.0, 1.0, 3.0, 1.0, 1.0, 1.0, 3.0, 1.0, 0.0, 1.0, 0.0, 2.0, 2.0, 0.0, 2.0, 1.0, 1.0, 3.0, 0.0, 3.0, 3.0, 3.0, 3.0, 2.0, 2.0, 1.0, 2.0, 0.0, 0.0, 1.0, 3.0, 3.0, 2.0, 3.0, 1.0]",True,255,0.75,1000
89,1000,381.0,160796,16.87907779996749,"[1.0, 0.0, 2.0, 3.0, 3.0, 0.0, 2.0, 3.0, 2.0, 3.0, 0.0, 3.0, 0.0, 1.0, 2.0, 0.0, 1.0, 3.0, 1.0, 1.0, 1.0, 3.0, 1.0, 0.0, 1.0, 0.0, 2.0, 2.0, 0.0, 2.0, 1.0, 1.0, 3.0, 0.0, 3.0, 3.0, 3.0, 3.0, 2.0, 2.0, 1.0, 2.0, 0.0, 0.0, 1.0, 3.0, 3.0, 2.0, 3.0, 1.0]",True,255,0.75,1000
90,0,26.0,377,0.008213399967644364,"[0, 3, 1, 0, 2, 3, 2, 3, 0, 3, 2, 1, 3, 3, 1, 3, 3, 3, 2, 0, 0, 0, 1, 3, 3, 2, 0, 2, 3, 3, 3, 2, 2, 1, 2, 0, 3, 3, 1, 0, 0, 2, 2, 3, 3, 1, 3, 2, 0, 0]",True,377,0.05,1000
91,10,289.0,4164,0.24428649997571483,"[1.0, 0.0, 2.0, 3.0, 3.0, 0.0, 2.0, 3.0, 2.0, 3.0, 0.0, 0.0, 3.0, 0.0, 2.0, 0.0, 1.0, 3.0, 1.0, 2.0, 0.0, 1.0, 1.0, 0.0, 3.0, 0.0, 0.0, 2.0, 2.0, 0.0, 0.0, 1.0, 1.0, 3.0, 0.0, 3.0, 3.0, 3.0, 3.0, 2.0, 2.0, 1.0, 2.0, 0.0, 1.0, 3.0, 3.0, 0.0, 3.0, 1.0]",True,377,0.05,1000
92,257,289.0,97530,9.499250799999572,"[1.0, 0.0, 2.0, 3.0, 3.0, 0.0, 2.0, 3.0, 2.0, 3.0, 0.0, 0.0, 3.0, 0.0, 2.0, 0.0, 1.0, 3.0, 1.0, 2.0, 0.0, 1.0, 1.0, 0.0, 3.0, 0.0, 0.0, 2.0, 2.0, 0.0, 0.0, 1.0, 1.0, 3.0, 0.0, 3.0, 3.0, 3.0, 3.0, 2.0, 2.0, 1.0, 2.0, 0.0, 1.0, 3.0, 3.0, 0.0, 3.0, 1.0]",True,377,0.05,1000
93,505,289.0,191274,18.77279069996439,"[1.0, 0.0, 2.0, 3.0, 3.0, 0.0, 2.0, 3.0, 2.0, 3.0, 0.0, 0.0, 3.0, 0.0, 2.0, 0.0, 1.0, 3.0, 1.0, 2.0, 0.0, 1.0, 1.0, 0.0, 3.0, 0.0, 0.0, 2.0, 2.0, 0.0, 0.0, 1.0, 1.0, 3.0, 0.0, 3.0, 3.0, 3.0, 3.0, 2.0, 2.0, 1.0, 2.0, 0.0, 1.0, 3.0, 3.0, 0.0, 3.0, 1.0]",True,377,0.05,1000
94,752,289.0,192030,18.877895899990108,"[1.0, 0.0, 2.0, 3.0, 3.0, 0.0, 2.0, 3.0, 2.0, 3.0, 0.0, 0.0, 3.0, 0.0, 2.0, 0.0, 1.0, 3.0, 1.0, 2.0, 0.0, 1.0, 1.0, 0.0, 3.0, 0.0, 0.0, 2.0, 2.0, 0.0, 0.0, 1.0, 1.0, 3.0, 0.0, 3.0, 3.0, 3.0, 3.0, 2.0, 2.0, 1.0, 2.0, 0.0, 1.0, 3.0, 3.0, 0.0, 3.0, 1.0]",True,377,0.05,1000
95,1000,289.0,192030,18.877895899990108,"[1.0, 0.0, 2.0, 3.0, 3.0, 0.0, 2.0, 3.0, 2.0, 3.0, 0.0, 0.0, 3.0, 0.0, 2.0, 0.0, 1.0, 3.0, 1.0, 2.0, 0.0, 1.0, 1.0, 0.0, 3.0, 0.0, 0.0, 2.0, 2.0, 0.0, 0.0, 1.0, 1.0, 3.0, 0.0, 3.0, 3.0, 3.0, 3.0, 2.0, 2.0, 1.0, 2.0, 0.0, 1.0, 3.0, 3.0, 0.0, 3.0, 1.0]",True,377,0.05,1000
96,0,26.0,377,0.008169999986421317,"[0, 3, 1, 0, 2, 3, 2, 3, 0, 3, 2, 1, 3, 3, 1, 3, 3, 3, 2, 0, 0, 0, 1, 3, 3, 2, 0, 2, 3, 3, 3, 2, 2, 1, 2, 0, 3, 3, 1, 0, 0, 2, 2, 3, 3, 1, 3, 2, 0, 0]",True,377,0.1,1000
97,10,353.0,4167,0.2172061000019312,"[1.0, 0.0, 2.0, 3.0, 3.0, 2.0, 3.0, 2.0, 3.0, 0.0, 0.0, 0.0, 3.0, 0.0, 2.0, 0.0, 1.0, 3.0, 3.0, 1.0, 3.0, 1.0, 0.0, 0.0, 1.0, 0.0, 2.0, 2.0, 0.0, 2.0, 1.0, 1.0, 1.0, 3.0, 0.0, 3.0, 3.0, 3.0, 3.0, 2.0, 2.0, 1.0, 2.0, 0.0, 1.0, 3.0, 3.0, 3.0, 2.0, 3.0]",True,377,0.1,1000
98,257,353.0,97533,9.459986399975605,"[1.0, 0.0, 2.0, 3.0, 3.0, 2.0, 3.0, 2.0, 3.0, 0.0, 0.0, 0.0, 3.0, 0.0, 2.0, 0.0, 1.0, 3.0, 3.0, 1.0, 3.0, 1.0, 0.0, 0.0, 1.0, 0.0, 2.0, 2.0, 0.0, 2.0, 1.0, 1.0, 1.0, 3.0, 0.0, 3.0, 3.0, 3.0, 3.0, 2.0, 2.0, 1.0, 2.0, 0.0, 1.0, 3.0, 3.0, 3.0, 2.0, 3.0]",True,377,0.1,1000
99,505,353.0,191277,18.895557999960147,"[1.0, 0.0, 2.0, 3.0, 3.0, 2.0, 3.0, 2.0, 3.0, 0.0, 0.0, 0.0, 3.0, 0.0, 2.0, 0.0, 1.0, 3.0, 3.0, 1.0, 3.0, 1.0, 0.0, 0.0, 1.0, 0.0, 2.0, 2.0, 0.0, 2.0, 1.0, 1.0, 1.0, 3.0, 0.0, 3.0, 3.0, 3.0, 3.0, 2.0, 2.0, 1.0, 2.0, 0.0, 1.0, 3.0, 3.0, 3.0, 2.0, 3.0]",True,377,0.1,1000
100,752,353.0,193167,19.120137999998406,"[1.0, 0.0, 2.0, 3.0, 3.0, 2.0, 3.0, 2.0, 3.0, 0.0, 0.0, 0.0, 3.0, 0.0, 2.0, 0.0, 1.0, 3.0, 3.0, 1.0, 3.0, 1.0, 0.0, 0.0, 1.0, 0.0, 2.0, 2.0, 0.0, 2.0, 1.0, 1.0, 1.0, 3.0, 0.0, 3.0, 3.0, 3.0, 3.0, 2.0, 2.0, 1.0, 2.0, 0.0, 1.0, 3.0, 3.0, 3.0, 2.0, 3.0]",True,377,0.1,1000
101,1000,353.0,193167,19.120137999998406,"[1.0, 0.0, 2.0, 3.0, 3.0, 2.0, 3.0, 2.0, 3.0, 0.0, 0.0, 0.0, 3.0, 0.0, 2.0, 0.0, 1.0, 3.0, 3.0, 1.0, 3.0, 1.0, 0.0, 0.0, 1.0, 0.0, 2.0, 2.0, 0.0, 2.0, 1.0, 1.0, 1.0, 3.0, 0.0, 3.0, 3.0, 3.0, 3.0, 2.0, 2.0, 1.0, 2.0, 0.0, 1.0, 3.0, 3.0, 3.0, 2.0, 3.0]",True,377,0.1,1000
102,0,26.0,377,0.008766999992076308,"[0, 3, 1, 0, 2, 3, 2, 3, 0, 3, 2, 1, 3, 3, 1, 3, 3, 3, 2, 0, 0, 0, 1, 3, 3, 2, 0, 2, 3, 3, 3, 2, 2, 1, 2, 0, 3, 3, 1, 0, 0, 2, 2, 3, 3, 1, 3, 2, 0, 0]",True,377,0.2,1000
103,10,466.0,4165,0.2623261999688111,"[1.0, 1.0, 2.0, 3.0, 3.0, 1.0, 0.0, 3.0, 2.0, 0.0, 0.0, 0.0, 0.0, 1.0, 2.0, 0.0, 1.0, 3.0, 1.0, 1.0, 3.0, 1.0, 0.0, 0.0, 1.0, 0.0, 2.0, 2.0, 0.0, 2.0, 1.0, 1.0, 3.0, 0.0, 3.0, 3.0, 3.0, 3.0, 3.0, 2.0, 2.0, 1.0, 2.0, 0.0, 1.0, 3.0, 3.0, 2.0, 3.0, 1.0]",True,377,0.2,1000
104,257,614.0,97532,9.418154799961485,"[0.0, 0.0, 2.0, 3.0, 3.0, 0.0, 2.0, 2.0, 3.0, 0.0, 0.0, 3.0, 0.0, 1.0, 2.0, 0.0, 1.0, 3.0, 1.0, 1.0, 3.0, 1.0, 0.0, 0.0, 1.0, 0.0, 2.0, 2.0, 0.0, 2.0, 1.0, 1.0, 3.0, 0.0, 3.0, 3.0, 3.0, 3.0, 3.0, 2.0, 2.0, 1.0, 2.0, 0.0, 1.0, 3.0, 3.0, 2.0, 3.0, 3.0]",True,377,0.2,1000
105,505,614.0,191276,18.698414099984802,"[0.0, 0.0, 2.0, 3.0, 3.0, 0.0, 2.0, 2.0, 3.0, 0.0, 0.0, 3.0, 0.0, 1.0, 2.0, 0.0, 1.0, 3.0, 1.0, 1.0, 3.0, 1.0, 0.0, 0.0, 1.0, 0.0, 2.0, 2.0, 0.0, 2.0, 1.0, 1.0, 3.0, 0.0, 3.0, 3.0, 3.0, 3.0, 3.0, 2.0, 2.0, 1.0, 2.0, 0.0, 1.0, 3.0, 3.0, 2.0, 3.0, 3.0]",True,377,0.2,1000
106,752,614.0,193544,18.956481000001077,"[0.0, 0.0, 2.0, 3.0, 3.0, 0.0, 2.0, 2.0, 3.0, 0.0, 0.0, 3.0, 0.0, 1.0, 2.0, 0.0, 1.0, 3.0, 1.0, 1.0, 3.0, 1.0, 0.0, 0.0, 1.0, 0.0, 2.0, 2.0, 0.0, 2.0, 1.0, 1.0, 3.0, 0.0, 3.0, 3.0, 3.0, 3.0, 3.0, 2.0, 2.0, 1.0, 2.0, 0.0, 1.0, 3.0, 3.0, 2.0, 3.0, 3.0]",True,377,0.2,1000
107,1000,614.0,193544,18.956481000001077,"[0.0, 0.0, 2.0, 3.0, 3.0, 0.0, 2.0, 2.0, 3.0, 0.0, 0.0, 3.0, 0.0, 1.0, 2.0, 0.0, 1.0, 3.0, 1.0, 1.0, 3.0, 1.0, 0.0, 0.0, 1.0, 0.0, 2.0, 2.0, 0.0, 2.0, 1.0, 1.0, 3.0, 0.0, 3.0, 3.0, 3.0, 3.0, 3.0, 2.0, 2.0, 1.0, 2.0, 0.0, 1.0, 3.0, 3.0, 2.0, 3.0, 3.0]",True,377,0.2,1000
108,0,26.0,377,0.008184900041669607,"[0, 3, 1, 0, 2, 3, 2, 3, 0, 3, 2, 1, 3, 3, 1, 3, 3, 3, 2, 0, 0, 0, 1, 3, 3, 2, 0, 2, 3, 3, 3, 2, 2, 1, 2, 0, 3, 3, 1, 0, 0, 2, 2, 3, 3, 1, 3, 2, 0, 0]",True,377,0.5,1000
109,10,238.0,4164,0.3069404000416398,"[1.0, 2.0, 3.0, 3.0, 0.0, 2.0, 3.0, 3.0, 2.0, 3.0, 2.0, 3.0, 0.0, 0.0, 1.0, 0.0, 0.0, 3.0, 3.0, 1.0, 2.0, 1.0, 0.0, 0.0, 0.0, 0.0, 2.0, 1.0, 2.0, 3.0, 1.0, 1.0, 3.0, 0.0, 3.0, 3.0, 3.0, 3.0, 2.0, 2.0, 1.0, 2.0, 0.0, 1.0, 3.0, 3.0, 3.0, 2.0, 0.0, 3.0]",True,377,0.5,1000
110,257,681.0,97545,9.369434200052638,"[0.0, 0.0, 2.0, 3.0, 3.0, 0.0, 2.0, 3.0, 2.0, 3.0, 0.0, 0.0, 3.0, 0.0, 2.0, 0.0, 1.0, 3.0, 1.0, 1.0, 3.0, 1.0, 0.0, 0.0, 1.0, 0.0, 2.0, 2.0, 0.0, 2.0, 1.0, 1.0, 3.0, 0.0, 3.0, 3.0, 3.0, 3.0, 2.0, 2.0, 1.0, 2.0, 0.0, 1.0, 3.0, 3.0, 3.0, 3.0, 2.0, 3.0]",True,377,0.5,1000
111,505,681.0,191289,18.6320666000247,"[0.0, 0.0, 2.0, 3.0, 3.0, 0.0, 2.0, 3.0, 2.0, 3.0, 0.0, 0.0, 3.0, 0.0, 2.0, 0.0, 1.0, 3.0, 1.0, 1.0, 3.0, 1.0, 0.0, 0.0, 1.0, 0.0, 2.0, 2.0, 0.0, 2.0, 1.0, 1.0, 3.0, 0.0, 3.0, 3.0, 3.0, 3.0, 2.0, 2.0, 1.0, 2.0, 0.0, 1.0, 3.0, 3.0, 3.0, 3.0, 2.0, 3.0]",True,377,0.5,1000
112,752,681.0,200361,19.562754600017797,"[0.0, 0.0, 2.0, 3.0, 3.0, 0.0, 2.0, 3.0, 2.0, 3.0, 0.0, 0.0, 3.0, 0.0, 2.0, 0.0, 1.0, 3.0, 1.0, 1.0, 3.0, 1.0, 0.0, 0.0, 1.0, 0.0, 2.0, 2.0, 0.0, 2.0, 1.0, 1.0, 3.0, 0.0, 3.0, 3.0, 3.0, 3.0, 2.0, 2.0, 1.0, 2.0, 0.0, 1.0, 3.0, 3.0, 3.0, 3.0, 2.0, 3.0]",True,377,0.5,1000
113,1000,681.0,200361,19.562754600017797,"[0.0, 0.0, 2.0, 3.0, 3.0, 0.0, 2.0, 3.0, 2.0, 3.0, 0.0, 0.0, 3.0, 0.0, 2.0, 0.0, 1.0, 3.0, 1.0, 1.0, 3.0, 1.0, 0.0, 0.0, 1.0, 0.0, 2.0, 2.0, 0.0, 2.0, 1.0, 1.0, 3.0, 0.0, 3.0, 3.0, 3.0, 3.0, 2.0, 2.0, 1.0, 2.0, 0.0, 1.0, 3.0, 3.0, 3.0, 3.0, 2.0, 3.0]",True,377,0.5,1000
114,0,26.0,377,0.008189000014681369,"[0, 3, 1, 0, 2, 3, 2, 3, 0, 3, 2, 1, 3, 3, 1, 3, 3, 3, 2, 0, 0, 0, 1, 3, 3, 2, 0, 2, 3, 3, 3, 2, 2, 1, 2, 0, 3, 3, 1, 0, 0, 2, 2, 3, 3, 1, 3, 2, 0, 0]",True,377,0.75,1000
115,10,137.0,4162,0.36989870003890246,"[2.0, 2.0, 2.0, 1.0, 3.0, 3.0, 3.0, 0.0, 1.0, 1.0, 0.0, 0.0, 1.0, 0.0, 2.0, 0.0, 0.0, 0.0, 2.0, 0.0, 1.0, 3.0, 0.0, 0.0, 2.0, 1.0, 0.0, 2.0, 2.0, 0.0, 2.0, 1.0, 2.0, 3.0, 0.0, 3.0, 3.0, 3.0, 3.0, 2.0, 2.0, 1.0, 2.0, 0.0, 3.0, 3.0, 3.0, 2.0, 1.0, 1.0]",True,377,0.75,1000
116,257,591.0,97542,9.58472470002016,"[1.0, 2.0, 3.0, 3.0, 0.0, 2.0, 2.0, 2.0, 3.0, 0.0, 0.0, 0.0, 3.0, 0.0, 1.0, 0.0, 1.0, 3.0, 3.0, 1.0, 1.0, 3.0, 1.0, 0.0, 0.0, 1.0, 0.0, 2.0, 2.0, 0.0, 2.0, 1.0, 1.0, 3.0, 0.0, 3.0, 3.0, 3.0, 3.0, 2.0, 2.0, 1.0, 2.0, 0.0, 1.0, 3.0, 3.0, 3.0, 2.0, 3.0]",True,377,0.75,1000
117,505,591.0,191286,18.88375720003387,"[1.0, 2.0, 3.0, 3.0, 0.0, 2.0, 2.0, 2.0, 3.0, 0.0, 0.0, 0.0, 3.0, 0.0, 1.0, 0.0, 1.0, 3.0, 3.0, 1.0, 1.0, 3.0, 1.0, 0.0, 0.0, 1.0, 0.0, 2.0, 2.0, 0.0, 2.0, 1.0, 1.0, 3.0, 0.0, 3.0, 3.0, 3.0, 3.0, 2.0, 2.0, 1.0, 2.0, 0.0, 1.0, 3.0, 3.0, 3.0, 2.0, 3.0]",True,377,0.75,1000
118,752,591.0,207162,20.48708670004271,"[1.0, 2.0, 3.0, 3.0, 0.0, 2.0, 2.0, 2.0, 3.0, 0.0, 0.0, 0.0, 3.0, 0.0, 1.0, 0.0, 1.0, 3.0, 3.0, 1.0, 1.0, 3.0, 1.0, 0.0, 0.0, 1.0, 0.0, 2.0, 2.0, 0.0, 2.0, 1.0, 1.0, 3.0, 0.0, 3.0, 3.0, 3.0, 3.0, 2.0, 2.0, 1.0, 2.0, 0.0, 1.0, 3.0, 3.0, 3.0, 2.0, 3.0]",True,377,0.75,1000
119,1000,591.0,207162,20.48708670004271,"[1.0, 2.0, 3.0, 3.0, 0.0, 2.0, 2.0, 2.0, 3.0, 0.0, 0.0, 0.0, 3.0, 0.0, 1.0, 0.0, 1.0, 3.0, 3.0, 1.0, 1.0, 3.0, 1.0, 0.0, 0.0, 1.0, 0.0, 2.0, 2.0, 0.0, 2.0, 1.0, 1.0, 3.0, 0.0, 3.0, 3.0, 3.0, 3.0, 2.0, 2.0, 1.0, 2.0, 0.0, 1.0, 3.0, 3.0, 3.0, 2.0, 3.0]",True,377,0.75,1000
120,0,26.0,500,0.010883699986152351,"[0, 3, 1, 0, 2, 3, 2, 3, 0, 3, 2, 1, 3, 3, 1, 3, 3, 3, 2, 0, 0, 0, 1, 3, 3, 2, 0, 2, 3, 3, 3, 2, 2, 1, 2, 0, 3, 3, 1, 0, 0, 2, 2, 3, 3, 1, 3, 2, 0, 0]",True,500,0.05,1000
121,10,222.0,5516,0.31099509994965047,"[1.0, 0.0, 2.0, 3.0, 3.0, 0.0, 2.0, 3.0, 2.0, 3.0, 0.0, 1.0, 2.0, 0.0, 2.0, 0.0, 1.0, 3.0, 1.0, 1.0, 3.0, 1.0, 0.0, 0.0, 1.0, 0.0, 0.0, 2.0, 3.0, 2.0, 0.0, 1.0, 1.0, 3.0, 0.0, 3.0, 3.0, 3.0, 3.0, 0.0, 2.0, 0.0, 0.0, 1.0, 1.0, 3.0, 3.0, 2.0, 3.0, 1.0]",True,500,0.05,1000
122,257,222.0,129263,13.387862599978689,"[1.0, 0.0, 2.0, 3.0, 3.0, 0.0, 2.0, 3.0, 2.0, 3.0, 0.0, 1.0, 2.0, 0.0, 2.0, 0.0, 1.0, 3.0, 1.0, 1.0, 3.0, 1.0, 0.0, 0.0, 1.0, 0.0, 0.0, 2.0, 3.0, 2.0, 0.0, 1.0, 1.0, 3.0, 0.0, 3.0, 3.0, 3.0, 3.0, 0.0, 2.0, 0.0, 0.0, 1.0, 1.0, 3.0, 3.0, 2.0, 3.0, 1.0]",True,500,0.05,1000
123,505,222.0,253511,26.57451459998265,"[1.0, 0.0, 2.0, 3.0, 3.0, 0.0, 2.0, 3.0, 2.0, 3.0, 0.0, 1.0, 2.0, 0.0, 2.0, 0.0, 1.0, 3.0, 1.0, 1.0, 3.0, 1.0, 0.0, 0.0, 1.0, 0.0, 0.0, 2.0, 3.0, 2.0, 0.0, 1.0, 1.0, 3.0, 0.0, 3.0, 3.0, 3.0, 3.0, 0.0, 2.0, 0.0, 0.0, 1.0, 1.0, 3.0, 3.0, 2.0, 3.0, 1.0]",True,500,0.05,1000
124,752,222.0,254012,26.66659699997399,"[1.0, 0.0, 2.0, 3.0, 3.0, 0.0, 2.0, 3.0, 2.0, 3.0, 0.0, 1.0, 2.0, 0.0, 2.0, 0.0, 1.0, 3.0, 1.0, 1.0, 3.0, 1.0, 0.0, 0.0, 1.0, 0.0, 0.0, 2.0, 3.0, 2.0, 0.0, 1.0, 1.0, 3.0, 0.0, 3.0, 3.0, 3.0, 3.0, 0.0, 2.0, 0.0, 0.0, 1.0, 1.0, 3.0, 3.0, 2.0, 3.0, 1.0]",True,500,0.05,1000
125,1000,222.0,254012,26.66659699997399,"[1.0, 0.0, 2.0, 3.0, 3.0, 0.0, 2.0, 3.0, 2.0, 3.0, 0.0, 1.0, 2.0, 0.0, 2.0, 0.0, 1.0, 3.0, 1.0, 1.0, 3.0, 1.0, 0.0, 0.0, 1.0, 0.0, 0.0, 2.0, 3.0, 2.0, 0.0, 1.0, 1.0, 3.0, 0.0, 3.0, 3.0, 3.0, 3.0, 0.0, 2.0, 0.0, 0.0, 1.0, 1.0, 3.0, 3.0, 2.0, 3.0, 1.0]",True,500,0.05,1000
126,0,26.0,500,0.01107929996214807,"[0, 3, 1, 0, 2, 3, 2, 3, 0, 3, 2, 1, 3, 3, 1, 3, 3, 3, 2, 0, 0, 0, 1, 3, 3, 2, 0, 2, 3, 3, 3, 2, 2, 1, 2, 0, 3, 3, 1, 0, 0, 2, 2, 3, 3, 1, 3, 2, 0, 0]",True,500,0.1,1000
127,10,227.0,5520,0.2608063999796286,"[1.0, 0.0, 2.0, 2.0, 3.0, 0.0, 2.0, 3.0, 2.0, 0.0, 0.0, 3.0, 3.0, 1.0, 0.0, 2.0, 0.0, 1.0, 3.0, 1.0, 1.0, 3.0, 1.0, 0.0, 0.0, 1.0, 2.0, 0.0, 2.0, 0.0, 2.0, 1.0, 3.0, 0.0, 3.0, 3.0, 3.0, 3.0, 3.0, 2.0, 2.0, 1.0, 2.0, 0.0, 1.0, 3.0, 3.0, 2.0, 3.0, 3.0]",True,500,0.1,1000
128,257,227.0,129267,13.25893690000521,"[1.0, 0.0, 2.0, 2.0, 3.0, 0.0, 2.0, 3.0, 2.0, 0.0, 0.0, 3.0, 3.0, 1.0, 0.0, 2.0, 0.0, 1.0, 3.0, 1.0, 1.0, 3.0, 1.0, 0.0, 0.0, 1.0, 2.0, 0.0, 2.0, 0.0, 2.0, 1.0, 3.0, 0.0, 3.0, 3.0, 3.0, 3.0, 3.0, 2.0, 2.0, 1.0, 2.0, 0.0, 1.0, 3.0, 3.0, 2.0, 3.0, 3.0]",True,500,0.1,1000
129,505,227.0,253515,26.401660199975595,"[1.0, 0.0, 2.0, 2.0, 3.0, 0.0, 2.0, 3.0, 2.0, 0.0, 0.0, 3.0, 3.0, 1.0, 0.0, 2.0, 0.0, 1.0, 3.0, 1.0, 1.0, 3.0, 1.0, 0.0, 0.0, 1.0, 2.0, 0.0, 2.0, 0.0, 2.0, 1.0, 3.0, 0.0, 3.0, 3.0, 3.0, 3.0, 3.0, 2.0, 2.0, 1.0, 2.0, 0.0, 1.0, 3.0, 3.0, 2.0, 3.0, 3.0]",True,500,0.1,1000
130,752,227.0,256020,26.71717429999262,"[1.0, 0.0, 2.0, 2.0, 3.0, 0.0, 2.0, 3.0, 2.0, 0.0, 0.0, 3.0, 3.0, 1.0, 0.0, 2.0, 0.0, 1.0, 3.0, 1.0, 1.0, 3.0, 1.0, 0.0, 0.0, 1.0, 2.0, 0.0, 2.0, 0.0, 2.0, 1.0, 3.0, 0.0, 3.0, 3.0, 3.0, 3.0, 3.0, 2.0, 2.0, 1.0, 2.0, 0.0, 1.0, 3.0, 3.0, 2.0, 3.0, 3.0]",True,500,0.1,1000
131,1000,227.0,256020,26.71717429999262,"[1.0, 0.0, 2.0, 2.0, 3.0, 0.0, 2.0, 3.0, 2.0, 0.0, 0.0, 3.0, 3.0, 1.0, 0.0, 2.0, 0.0, 1.0, 3.0, 1.0, 1.0, 3.0, 1.0, 0.0, 0.0, 1.0, 2.0, 0.0, 2.0, 0.0, 2.0, 1.0, 3.0, 0.0, 3.0, 3.0, 3.0, 3.0, 3.0, 2.0, 2.0, 1.0, 2.0, 0.0, 1.0, 3.0, 3.0, 2.0, 3.0, 3.0]",True,500,0.1,1000
132,0,26.0,500,0.010918600019067526,"[0, 3, 1, 0, 2, 3, 2, 3, 0, 3, 2, 1, 3, 3, 1, 3, 3, 3, 2, 0, 0, 0, 1, 3, 3, 2, 0, 2, 3, 3, 3, 2, 2, 1, 2, 0, 3, 3, 1, 0, 0, 2, 2, 3, 3, 1, 3, 2, 0, 0]",True,500,0.2,1000
133,10,439.0,5519,0.29489050002302974,"[1.0, 1.0, 2.0, 3.0, 3.0, 0.0, 2.0, 2.0, 3.0, 0.0, 1.0, 3.0, 0.0, 0.0, 1.0, 3.0, 1.0, 1.0, 3.0, 1.0, 1.0, 3.0, 0.0, 0.0, 0.0, 1.0, 0.0, 2.0, 2.0, 0.0, 2.0, 1.0, 1.0, 3.0, 0.0, 3.0, 3.0, 3.0, 3.0, 2.0, 2.0, 1.0, 2.0, 0.0, 1.0, 3.0, 3.0, 3.0, 2.0, 3.0]",True,500,0.2,1000
134,257,470.0,129269,13.177605299977586,"[1.0, 0.0, 2.0, 3.0, 3.0, 0.0, 2.0, 2.0, 3.0, 0.0, 0.0, 0.0, 3.0, 0.0, 1.0, 2.0, 1.0, 1.0, 3.0, 1.0, 1.0, 3.0, 0.0, 0.0, 0.0, 1.0, 0.0, 2.0, 2.0, 0.0, 2.0, 1.0, 1.0, 3.0, 0.0, 3.0, 3.0, 3.0, 3.0, 2.0, 2.0, 1.0, 2.0, 0.0, 1.0, 3.0, 3.0, 3.0, 2.0, 3.0]",True,500,0.2,1000
135,505,470.0,253517,26.296260399976745,"[1.0, 0.0, 2.0, 3.0, 3.0, 0.0, 2.0, 2.0, 3.0, 0.0, 0.0, 0.0, 3.0, 0.0, 1.0, 2.0, 1.0, 1.0, 3.0, 1.0, 1.0, 3.0, 0.0, 0.0, 0.0, 1.0, 0.0, 2.0, 2.0, 0.0, 2.0, 1.0, 1.0, 3.0, 0.0, 3.0, 3.0, 3.0, 3.0, 2.0, 2.0, 1.0, 2.0, 0.0, 1.0, 3.0, 3.0, 3.0, 2.0, 3.0]",True,500,0.2,1000
136,752,470.0,258026,26.807830000005197,"[1.0, 0.0, 2.0, 3.0, 3.0, 0.0, 2.0, 2.0, 3.0, 0.0, 0.0, 0.0, 3.0, 0.0, 1.0, 2.0, 1.0, 1.0, 3.0, 1.0, 1.0, 3.0, 0.0, 0.0, 0.0, 1.0, 0.0, 2.0, 2.0, 0.0, 2.0, 1.0, 1.0, 3.0, 0.0, 3.0, 3.0, 3.0, 3.0, 2.0, 2.0, 1.0, 2.0, 0.0, 1.0, 3.0, 3.0, 3.0, 2.0, 3.0]",True,500,0.2,1000
137,1000,470.0,258026,26.807830000005197,"[1.0, 0.0, 2.0, 3.0, 3.0, 0.0, 2.0, 2.0, 3.0, 0.0, 0.0, 0.0, 3.0, 0.0, 1.0, 2.0, 1.0, 1.0, 3.0, 1.0, 1.0, 3.0, 0.0, 0.0, 0.0, 1.0, 0.0, 2.0, 2.0, 0.0, 2.0, 1.0, 1.0, 3.0, 0.0, 3.0, 3.0, 3.0, 3.0, 2.0, 2.0, 1.0, 2.0, 0.0, 1.0, 3.0, 3.0, 3.0, 2.0, 3.0]",True,500,0.2,1000
138,0,26.0,500,0.010927899973466992,"[0, 3, 1, 0, 2, 3, 2, 3, 0, 3, 2, 1, 3, 3, 1, 3, 3, 3, 2, 0, 0, 0, 1, 3, 3, 2, 0, 2, 3, 3, 3, 2, 2, 1, 2, 0, 3, 3, 1, 0, 0, 2, 2, 3, 3, 1, 3, 2, 0, 0]",True,500,0.5,1000
139,10,240.0,5517,0.38628949999110773,"[1.0, 2.0, 3.0, 3.0, 0.0, 2.0, 3.0, 2.0, 3.0, 0.0, 0.0, 3.0, 0.0, 1.0, 2.0, 0.0, 1.0, 3.0, 1.0, 1.0, 1.0, 2.0, 1.0, 0.0, 1.0, 1.0, 2.0, 2.0, 0.0, 0.0, 3.0, 3.0, 3.0, 0.0, 2.0, 0.0, 2.0, 3.0, 2.0, 2.0, 2.0, 1.0, 1.0, 0.0, 3.0, 3.0, 3.0, 0.0, 2.0, 3.0]",True,500,0.5,1000
140,257,587.0,129280,12.975945200014394,"[0.0, 2.0, 3.0, 3.0, 0.0, 2.0, 3.0, 2.0, 3.0, 0.0, 0.0, 3.0, 0.0, 1.0, 2.0, 2.0, 0.0, 1.0, 3.0, 1.0, 1.0, 3.0, 1.0, 0.0, 0.0, 1.0, 0.0, 2.0, 2.0, 0.0, 2.0, 1.0, 1.0, 3.0, 0.0, 3.0, 3.0, 3.0, 3.0, 2.0, 2.0, 1.0, 2.0, 0.0, 3.0, 3.0, 3.0, 2.0, 3.0, 3.0]",True,500,0.5,1000
141,505,587.0,253528,26.06605889997445,"[0.0, 2.0, 3.0, 3.0, 0.0, 2.0, 3.0, 2.0, 3.0, 0.0, 0.0, 3.0, 0.0, 1.0, 2.0, 2.0, 0.0, 1.0, 3.0, 1.0, 1.0, 3.0, 1.0, 0.0, 0.0, 1.0, 0.0, 2.0, 2.0, 0.0, 2.0, 1.0, 1.0, 3.0, 0.0, 3.0, 3.0, 3.0, 3.0, 2.0, 2.0, 1.0, 2.0, 0.0, 3.0, 3.0, 3.0, 2.0, 3.0, 3.0]",True,500,0.5,1000
142,752,587.0,267055,27.53667060000589,"[0.0, 2.0, 3.0, 3.0, 0.0, 2.0, 3.0, 2.0, 3.0, 0.0, 0.0, 3.0, 0.0, 1.0, 2.0, 2.0, 0.0, 1.0, 3.0, 1.0, 1.0, 3.0, 1.0, 0.0, 0.0, 1.0, 0.0, 2.0, 2.0, 0.0, 2.0, 1.0, 1.0, 3.0, 0.0, 3.0, 3.0, 3.0, 3.0, 2.0, 2.0, 1.0, 2.0, 0.0, 3.0, 3.0, 3.0, 2.0, 3.0, 3.0]",True,500,0.5,1000
143,1000,587.0,267055,27.53667060000589,"[0.0, 2.0, 3.0, 3.0, 0.0, 2.0, 3.0, 2.0, 3.0, 0.0, 0.0, 3.0, 0.0, 1.0, 2.0, 2.0, 0.0, 1.0, 3.0, 1.0, 1.0, 3.0, 1.0, 0.0, 0.0, 1.0, 0.0, 2.0, 2.0, 0.0, 2.0, 1.0, 1.0, 3.0, 0.0, 3.0, 3.0, 3.0, 3.0, 2.0, 2.0, 1.0, 2.0, 0.0, 3.0, 3.0, 3.0, 2.0, 3.0, 3.0]",True,500,0.5,1000
144,0,26.0,500,0.010893300001043826,"[0, 3, 1, 0, 2, 3, 2, 3, 0, 3, 2, 1, 3, 3, 1, 3, 3, 3, 2, 0, 0, 0, 1, 3, 3, 2, 0, 2, 3, 3, 3, 2, 2, 1, 2, 0, 3, 3, 1, 0, 0, 2, 2, 3, 3, 1, 3, 2, 0, 0]",True,500,0.75,1000
145,10,134.0,5516,0.49036870000418276,"[1.0, 3.0, 3.0, 2.0, 1.0, 2.0, 2.0, 2.0, 2.0, 0.0, 0.0, 3.0, 3.0, 1.0, 2.0, 1.0, 1.0, 1.0, 3.0, 1.0, 3.0, 2.0, 1.0, 0.0, 1.0, 0.0, 2.0, 2.0, 0.0, 2.0, 1.0, 1.0, 3.0, 1.0, 3.0, 2.0, 3.0, 3.0, 3.0, 2.0, 1.0, 3.0, 2.0, 0.0, 1.0, 3.0, 3.0, 2.0, 3.0, 1.0]",True,500,0.75,1000
146,257,546.0,129281,12.978869900049176,"[1.0, 0.0, 2.0, 3.0, 3.0, 0.0, 2.0, 3.0, 2.0, 3.0, 0.0, 0.0, 3.0, 1.0, 2.0, 0.0, 1.0, 3.0, 1.0, 1.0, 3.0, 1.0, 0.0, 0.0, 1.0, 0.0, 2.0, 2.0, 0.0, 2.0, 1.0, 1.0, 3.0, 0.0, 3.0, 3.0, 3.0, 3.0, 3.0, 2.0, 2.0, 1.0, 2.0, 0.0, 1.0, 3.0, 3.0, 3.0, 2.0, 3.0]",True,500,0.75,1000
147,505,546.0,253529,26.221263300045393,"[1.0, 0.0, 2.0, 3.0, 3.0, 0.0, 2.0, 3.0, 2.0, 3.0, 0.0, 0.0, 3.0, 1.0, 2.0, 0.0, 1.0, 3.0, 1.0, 1.0, 3.0, 1.0, 0.0, 0.0, 1.0, 0.0, 2.0, 2.0, 0.0, 2.0, 1.0, 1.0, 3.0, 0.0, 3.0, 3.0, 3.0, 3.0, 3.0, 2.0, 2.0, 1.0, 2.0, 0.0, 1.0, 3.0, 3.0, 3.0, 2.0, 3.0]",True,500,0.75,1000
148,752,546.0,276575,28.711419500003103,"[1.0, 0.0, 2.0, 3.0, 3.0, 0.0, 2.0, 3.0, 2.0, 3.0, 0.0, 0.0, 3.0, 1.0, 2.0, 0.0, 1.0, 3.0, 1.0, 1.0, 3.0, 1.0, 0.0, 0.0, 1.0, 0.0, 2.0, 2.0, 0.0, 2.0, 1.0, 1.0, 3.0, 0.0, 3.0, 3.0, 3.0, 3.0, 3.0, 2.0, 2.0, 1.0, 2.0, 0.0, 1.0, 3.0, 3.0, 3.0, 2.0, 3.0]",True,500,0.75,1000
149,1000,546.0,276575,28.711419500003103,"[1.0, 0.0, 2.0, 3.0, 3.0, 0.0, 2.0, 3.0, 2.0, 3.0, 0.0, 0.0, 3.0, 1.0, 2.0, 0.0, 1.0, 3.0, 1.0, 1.0, 3.0, 1.0, 0.0, 0.0, 1.0, 0.0, 2.0, 2.0, 0.0, 2.0, 1.0, 1.0, 3.0, 0.0, 3.0, 3.0, 3.0, 3.0, 3.0, 2.0, 2.0, 1.0, 2.0, 0.0, 1.0, 3.0, 3.0, 3.0, 2.0, 3.0]",True,500,0.75,1000
